id,nombre,email,telefono,direccion,tarjeta_credito,salario,fecha_registro,pais,activo,edad,codigo_postal,antiguedad_dias,segmento,datos_completos,email_hash
1,gAAAAABqNH8lAt8scBpqLLs0Hcixz329bdHarpzk-gVkXdDPxmn4vq7zxshNjmgUXM-6Tc0qcM7sdQiEDfvROIKFa5EHt0TD3PbMM25OmS90xL3iNNu7RxI=,gAAAAABqNH8lE_ocHdOPIzAwFtcopMp_edLhxUhemZh8uJajI7ATpoU8wP2jjkZxjpo6d3hh7ULJIg3odql0CBI52QC6BMfT9XNAmv7Qd8yTUXAPzO4f-VU=,gAAAAABqNH8lfRonkXo_dvNi5Jq_xjYUFKrKhYcMPgO_2oWogq4N6qm7_XAQ1myBMk_t3136hV-x-hOXxkY1DONlDiT0-Rmerg==,gAAAAABqNH8lZ1Ho-q3bfWrHaS4UtFteWFxpFR-sRHcugx7bWpU1P0jQHcOV3lrTGICrz4GGdyImNb1_LAwo0nnZBB-OlbNZnDgjDn2ReeGDXkDw94az5wIrAo1CYIa70N-xNfzgkkpZebEODcSsBdL6WzizQZANOg==,gAAAAABqNH8lXdOvjK74TDWVU4xyXhb3U0I8uiB7jIShMDri8UxX4MTU1LUEByPNgWMZBa0zHn668zzMF6s9oWi91PtW_pWzKQ==,gAAAAABqNH8lq4dQrVL6RVJQ8vCjWJiF292dxjN176dwDwqhimfK-lXipbVKkywWEJqF4m0iMrD_uCsK72L3WyUqsSo1JFQlvw==,2021-08-11,Francia,True,28,15144,1772,Estándar,True,7a0c223f117b821d8580d15d7990639408516b314cefd21076358585f225cee3
2,gAAAAABqNH8lQFofSqJ0MMLwvvl6C-2j6QZkyBxOv908o2VpI6xoI89Jh9yikrCYjd8DKKla4w9qBXg9UaVMocYl7WDbGaYhkyxIEgZyr0vKlLJiwfERAIY=,gAAAAABqNH8lHCwmdosurCX56kuUsCvb-HDGbB0hNXf83apLd5kWvBwZusLiXU2Di6gJYQQKFX3eoObDuzRtwd3GKsGi_-uct4XIewBoxodlY58X6KxJLa4=,gAAAAABqNH8l9jIRNXh9_EYcuDcg7SH7lIo6PMCLiwkXULkKvXeO0EuE4brTFNw2K25KCMg9umj6rV7gOJ4zvi2YMz_h0tTvByFmtuRKI3WEpw54_8c7x6A=,gAAAAABqNH8lA2LLgGvOYpFJuWAmhrWOX-OHkq4PNIG0h9m9qRnvzN-Ot40l8twmTM1AKak4LE_sfTRafpc-KgE5z_1Fj_Nackk47hD4pA2dP-A2Ey0P6dcsP48ST4qXBbDT7bqA6vYuSqoqU9rGCmmdzZWl-r0dkQ4SFlJcGAc-RQRlr8PR8fnzAKTdh0-Om2h_ItMxvy1a,gAAAAABqNH8l-xlx04pD8agcY3H-wOp7BFzxTmz6duM1NXkbA2-Jp4PeUlkUC0BcgrtZbWhTpoDDTHs3Rks4IcN6_Mza3X8FpsqeA1a5xrq-xUL2MJh4lR8=,gAAAAABqNH8lITwsUYzySr24VCgV3OTIxXzQXhTxI3KpjEF7wliM6NO8aRp_4Cn8s3UPoBsMwcPVoPlte4NBa8fVOLvqRJba5Q==,2024-05-08,Maldivas,True,40,47073,771,Estándar,True,ff7b00407a7432e6e852978671f589c9ecb44321631d6792445ae6a3d8e907b1
3,gAAAAABqNH8l87CK45zQU2e9DH0oV97JA3VAHBJHGcPnAzqgnEjbNBcpgIrvyk1OCHE8DD2bPNuDQbi7WprR7WR8A667iZAFOg==,gAAAAABqNH8lpj9tJ6eQ4NnNhCLTGVN1c8UowSBckdFJJZ06okKxGPCIWn5ufAyzIMu38kne7QI-6lq5UCYB86fAQBDFC4LEfHH9miQgRa5rGKuX2IsU2Qc=,gAAAAABqNH8lf7rNwCGucwp4xmR3uFnQDLDS6bpU8m0GkcFhffAJ8G2lFaP6Vr5uDPw__LcQpqQbNYfOExZNvFqCoXVgc0w_1A==,gAAAAABqNH8lwK_NxJEU6SfMafP-QeFC9NL33kMIe-ujs0doaFoHKjsvsrHeXlyeVWGORbJSfjU0AYfgnzxyWG8iFhsXSJGQJttRX0wqrQax-QMmQ9i6S0olC3UwtAUZSakIzhDtpCLqlA6cdiRD8cWlbLMW8ooNtrsd3tYmUoMzKiNZloLQNzA=,gAAAAABqNH8lDB5dXNqkQBxgBylx-EflT-CXPf1hdH9N9ncSjpWp2Y0HgZkSqhVeFF0szriVcJ3dbtDAeUcQrKQ97I8_0lbJM3bDmymkBXTQGOz-XNRjg9I=,gAAAAABqNH8lRIruiEVDbvmn410r6vS_UK5jRZgmDqOK9QhJEVIJbs6civl8hBsnMBS0WILMRHuU1TdEq4-EErIEFsjkT5jOvQ==,2021-10-07,Angola,True,40,15256,1715,VIP,True,8630634cb83198189dc47af91ea330e7715d3fa859c93dc740b7321f95625e99
4,gAAAAABqNH8lQ90dCYqEil4jKwWrkT6UVaV-mgFwYT0ZLxUL2wWIYHBT-Rw-JYdYUnzcxlhA1gX-h6i3UQUOUJIdK2r8hhv_auMuoHXihc7a9FozqOc9V4r5ORekALWKQmo0GlOh3P6J,gAAAAABqNH8lm7YYtVc0-r6lVWi__Ng70JdLQwWsbAFrP-LHFuQ5MmZNKCat1NCh018UyQDaWNiZMi73MZ-1d2-UCE4BVFB1Rkn_e8ZnnN1bU-Ur0c1nc1g=,gAAAAABqNH8libszEGLjpnbtEi_KIA58CFM_qX5fpCRyNwcb1zBfm1rc9Ejxrhrs46S-AXX4cAnhm7558nELvLUgxzxge_jkIQ==,gAAAAABqNH8l35MtsfEjuolxNu2pYYKBxhNoPo1miMPDJW-mAQuLIoK9JJxMQEOjz3UM-v7lwKkotmmwG22EjeEnPsquUMGMfKvqVD8hZ1pOk8abb5-gZc30btvtzz-K0Z9v3lh5FMAIKTE0ZdQZznakBVmexkqgbw==,gAAAAABqNH8lQnbXzt-_le3o266fOE3r8Q1sniBXk5fOJwWHZ_kCO7vrsQbXY6UJg0Og93gssP8hHxJWAp7xeDbfPbrYjcahiaCHXlS0NVtN5hG-OIztbzA=,gAAAAABqNH8ldO_H2e5wYhh9rmGzNl2mWMZl1qfbUuQACcKDGZhOGOJhnOT-9BT241bB2fRf9JfXEOydG4XTBsJ9pn2n_ydINg==,2022-08-03,Rwanda,True,40,10961,1415,Estándar,True,a7ba593edda5c54990fead07ea9c69a933f32bd400f940c5318c49be363d0980
5,gAAAAABqNH8lrI_2pxLvsM04YLktlOBjoWYZZVpxi19NjaAhx0hN7sR2DlImky-cZVzJ6G2b7og6O623UVsYLIZN38ajOjnMH7j005GZHadWOHEKz2gGE4s=,gAAAAABqNH8laFbEeX-VKSRwmr3UDbxI9nEvlNeqGFYcRtKyZonD_laNW5BjkL6eXyvZrXPKbmyiBn4476ccSQHnY7ESTKILiNkxyjPjT-H0Mp2R5qtbPsM=,gAAAAABqNH8lmnY3Xx7Py-BlIs30KtHSAi89zoL87pyzfbj836HuW0JDGRuN8hRx63gjhKkhNB14wYWZU6ujbiTO5yXFUIHsEA==,gAAAAABqNH8lm2JXkhP00rpbocoecZS4fLtUUJAOkvgoXlqkP1sZsX45LGYYZk6mE3KMNe-zrwL1sPFkWGw3MrdstqbT8tzTRbmE4grvjRsKggCTSW_BE2qMJioBXx58-MzLGvFqpeA5wmK_WKYuZ-8c804Kh6452CVA5o3MRueJGir8SuPN54JP4VVuermvHU3XVDHa9VEq,gAAAAABqNH8lU74Cn2D7BMG2T2X2yEJABDKeVHOE92RKDX94_ratIb4XJozbno1nScaR0cRekLYBP-2XwnGJTsfKw-Q7aZ0PBnH1GV_cvIJOgXtxSg1LU7A=,gAAAAABqNH8l2IhSincjD4s6KyJ_js-NfUUAIzVP38rojifsJ03ODwfm6DQb7BsWH5yYkFvKaiv7JKNh8IqpasMhqGKs8RRCHA==,2022-04-05,Brunei Darussalam,True,40,10249,1535,Premium,True,e68e7fd6f20393243c32f94084e726870a2748a98d9849fe57bdcd376335799a
6,gAAAAABqNH8lkU4N0w6Ix9n4HMzqqkc5NZ_XkoX_2cG_xms-Qsdqxi_PXgSdA6D2RG59FL9aHr7y5ySgPjn3NFUB3exXRG17aM0XX1yH9c6e39KYlDjWW-Q=,gAAAAABqNH8lQrt2Bfkn_RHNz5wjAQNFQmxX0qXx8MEm_98MDmr5Yf-Nc4ADtIIMMXqcnLMlafDh14FDAyxDcY3ZA_KJqmiqNV1ORb2qBAmoKKl_SxY5z8c=,gAAAAABqNH8lGIGJ0eNHb6HprqDe7BeiGPVly187jl9hv4fa1-blY3Vr47k8W2xp-krmiehW1fq6Shcx7idGIPDq9wvBeMH4ng==,gAAAAABqNH8ljEzUrsURdN9Th05lSYMSU5QkrPk5ZskosUK39f8dPF090Ft1-7aQUwMBxi4FivilMg9stef1N8ZrUABMAh-55ZR1tn4aw5_XMBv3PBMeNjUzHuNu7x0dLKv5_ZZMFVBxIvokHTHc0apKC3kVVAS35IWHh1RPrVxBR3J2zuvOhTc=,gAAAAABqNH8ldcPpgbZ3GdpnfMqAKTeQPz9ST8DjWHaJm5aUieAvlutpRbOP3um8etifIyTuLxiiHhqClJcA0RNyJFZGcokREGEnCRwoMWLpxVJJwJQCc6k=,gAAAAABqNH8lyAYIcFs1LBh27j9ZmJ2ii2MzXYdMGL1UTr5UmVps_OHPmV1zb2Ls75bt3RV9gv7w_14upJPKjrJI-4yyStw3Dg==,2025-10-26,Swazilandia,True,19,14427-8593,235,Básico,True,74bdc1d68faa910633226dbea4bf717130ee2e4cede69d7798bdc7469a248201
7,gAAAAABqNH8lgVrNpGQt6kceZ_SyG3Z1C20uGL-ywFIJcne7g8I9ot-rwS78dkUhDMMQ8PzoLRJ1MT7LWGFV_FUhtAF2gg7tKw==,gAAAAABqNH8lJEuTueVbXvRHmDo1w4s8VCZ_BhcquHTOsDVBLKLJxyEn_0r4lUZf0qeSUAtgpV0jU1fzDW-_0QM6_8udg9ANhKnEE68zZ-oypDP5k8Kas1E=,gAAAAABqNH8lF-80EOkuYApytrCOi5JDd4HC5jSpToJ285Tez-nyrRYljPDgxXF7hEtLKLZeExahb2afx1aLf45VIhlNGiqc2g==,gAAAAABqNH8lHxh1rOQyB4Ip12_HW9df7qjAAbh9y5YdW4iGOEHhxmLwK9Yb3Swi7JyaWgHht9mhza6wK83eKMuzGU4yoSYscnX7KGWz1HIFTLToSA-qycPPC7_6GqqjztK9SZodCGhouWdZA2j0dzCFHB3B6QZcdlOOpHdGRZGhUEZGmM681wI=,gAAAAABqNH8lY72SC1jRUMW3yQ0b4X4aT9SjZQlF7pattwaYptuu90sxi5IZwMeLPAfp91Kc40M8ejqQIHMD7P6mSkxUcqqucg==,gAAAAABqNH8lqfv9TTGDxD-urxWAXZ40JpVAzL7O59oKuCD2tE8XZpS3H06AM1kQhF4d5MG3XAKjzErVzjstlvLse7jAoooeRg==,2024-05-01,Panamá,True,40,36776-2628,778,VIP,True,489378aebf017b6589dba0e3346e4ec79ff6f4b602a6c9f80a73e060305aae0b
8,gAAAAABqNH8l382ZaTpQbQI4MJBM-IGEii1JWKvqS_hHuGm09urIm1OFFDS_XUz-Ze2b28nziplYoHfuwNMjOASBEm-w5jdhsVuJ-F4hqHdHYFKkjYcxxEA=,gAAAAABqNH8lCMQkLF0bYyP6St3Rbi83mWgCFvvXjuvwtqUZUIhiLrMcjPthBoUXnNKrydCoP1028O_Oi7GsmVD6oyYLldxyAfF2Pll79MuwfGScQESGJ9M=,gAAAAABqNH8lvI9YtrAqgCxZdkr3hUwUx_qNUGUAufBoTZ-Tst4nTK6jEC7ydIbhkIwH61EQ4SN9IUpi7TuuY0qTI0dIOhMokA==,gAAAAABqNH8lm9Mon6-87A-paC2o-3YP-qM4lTE7amGkg77mL9sDV-z3S8lZFGZ6Dy4bOJ8NrOEFaLIGRKvovhRpaDSrH_tqvfHCkg49bMT2eljT0CuQBFX-A5HzyTifduftVUAgsQog4-pRw1S-v0jmbqVqlvcRBmhqrMPL0pBq9dYwOae9JrjwNlBwEzIJqz5Jrji4zJp8,gAAAAABqNH8lEhCfflwH4G8DwNSpMkhdtL142OyBjF0uYfgJ8Yr0Oum5oss8_sMl94OUR2xsXtXbP1hV6ljU1ASTtxcjUcBD87-k1jUMenTTs2dGCDShUb0=,gAAAAABqNH8lhAPHprau5FeL55AsZR3r9XY2SeEOrbT4tH92Key_iywlEtm7G7kSkrLYDjndE6jErGp4KXII55OEeYkaxdKkjg==,2021-10-26,Pakistán,True,40,04938,1696,Premium,True,2df53cbd21801ff6e8f0033e121acf283745d9e2d61666458b0cde3ac2ecb258
9,gAAAAABqNH8l-lo1qLXbxrW82v8O_9XhWnfvAr3UK5ZZBm3hCcs1dCgN2oGHmwW-sEGaPxqHbn1o44q9cjdWWY7ARMQysrTnnzLybcERGspkPXuBP-uOQwc=,gAAAAABqNH8lnC7ROmyqHnqrz1beg55eZJykaZN0mVWSClTi_JZjJBLEmBTfm_V5JUfBwfwL_Gti3RnOh4ozGbyfVtsJjEjpaykSrfRIkeECdorxrBBrj54=,gAAAAABqNH8lVNUf0Fz2zR-86ick1cgc1gpk6kwBkIP0xNwzjOMMpRyBWBryIclvhNnOooXEAi1iaBCf1WKmyuUXW1mc3bJcfA==,gAAAAABqNH8l8d9fHv2rf2SLeeJ27e9zAbgCsVhty-1JEJt44KyD46NMOgqmU1KwOOdLddMgNh_FOkR-kQlbO07tsAmWtoiq6fVQb0FraGWIqeWpQ8aLny1TdrruNq8MQVUiaje9NmzfrWvA_9z4hh5yzvofs5QL7TturX2KnjSmEKnFnmkRd38=,gAAAAABqNH8lTQQJzYClbmD9myUZE37uY6UJVnDvRYMkcVsqx6LF3gtwjLgw1o8yZOui9_Wkj6TNX28x3EnXcYPlGJU0F507Mw==,gAAAAABqNH8lfG4HM-XqbCoLNwyTlqYpiILD6-gHE78aeS2UDbfkkP8oEUI3RaXZembjs8b1QIqp1mrL_GPjGM7a7kIrpMLR7Q==,2022-01-01,Finlandia,True,53,16002-1802,1629,Básico,True,8808a94f25016540965da6e652c12f7542761c6fc3b13b1bb6bcac465f6609b4
10,gAAAAABqNH8lySPg6FTgL0vz7CA4gWYfNxbQti4v3fmkCZRU-XxNyBGi_xxuwvfZYFcz3q8HSrEPGHMOAmY9sraCYofiWFYf-Q==,gAAAAABqNH8loNii8WlTrNEJceTL7ecrRXFiAsge2Cj2foj52p-blQs9htf5pnk38zNwmpb5ndZt9SvOrHacQouq8LdJENseLzf72363I-Umj2yggUiw-_I=,gAAAAABqNH8lBB3CI9wbVb1EXNER1Ewzeh4X9zmY7RxBDtZzkYlYJrkWV1GcvouIQGkINfgB3tkl3vsFwa3QG55QMdJE-XMMWA==,gAAAAABqNH8lycGlUPvFx6iOtyqitn7HedNkaac2TW37gTbOJbvPwBynImuyVmU_wuaY07NYx3kcc0oKHDca1yHtg9mHUZznvkb9rbf_zakzaZuZPIqUeu8Zki9hOxYU6E1MVvGlYtMdyxfyTOr5To-unmBGHfBGY1EZYWzOVs7urIwKEaq0d0XXDsVuHA0T_rzRzlPkl6QH,gAAAAABqNH8lmaGZlCsajpJSU0sFO1m3I0W3BHDoLGkBsmuS-zJWYiSrHfDw3iQFe8Bh1yalm5a1EB4CTbmLAEPKwwU4KBg0Y0vb1DGsoEqb9x9Q46-O1js=,gAAAAABqNH8l7mRDpLd3Cbi-BsSTTKbFgGGFz7cD8Izn6Dj8DZspP-8DuebBvUMfFX38XYbCqtLqVMmw8O6fR-jj78zE2WHAGA==,2025-06-05,Guinea Bissau,False,40,19673,378,Premium,True,cd2c66276279f0380b4c0739f040ccb329bef5e7b33245381ba70c4522927619
11,gAAAAABqNH8lI7pY9KuywyWSwMpvyH-H92Fr2mqMqPxOqhJ2U5T5JraJCO_GcMnSov6EktaIcsltdX8JN7NaD6pc1_VyYQl3oRl26WWWbk49ISnxzMvtEt8=,gAAAAABqNH8lFrs6ZDwFwxn08GBGUhm2Jlay-cPfopa40GMUSr96zyb8xqc6gaFk1SAaQwzG0r-4m-pnzghew4tiJF7arZbhqt91R7wLwAR3XcsHl9cbODg=,gAAAAABqNH8lw6NioPPsE1EVk761XWy5oGyOOwspbHFmjMHCKHMr76e83MlDg6gB9fGCF9JA31X9VHcp-C8d-He9AnAPA1norQ==,gAAAAABqNH8lbgPrYNyKo047A0sKdkyJpVaNwxND1ihyMcSB1BwGAtPjsr9I0qDFqBITEY6w0UL_Si4TBZQnK7QfokN2waoJivrG3vcsKHuGvpsEdqiuv7UeXpFJpTiyfz9FcaFK1tcuRMGofMo8kRsEvwgI7GB0D_AmlNY1S2e7o8q8fzzB2HDk-Tp-s4abX1-VuF7W0wtD,gAAAAABqNH8lfVX9uhVO1L06jXOtVHMRNg9Jd1Cm2UF0CK0vvMDMe58CO22fDUITJ5sYKzQLAWCHh_96S9IwNnVYT1-wHoHkfqOHLUqGkPip2z-bRjhYAos=,gAAAAABqNH8lq5hi-jsxqeQLI1h2iX7fanDTRQz3-PtvSLkazSoI2qBbSEldiU0s4B-TRo_k1hQq6SDbTC4JlYFCCC8cD9qdUg==,2024-05-22,Egipto,True,41,72277,757,VIP,True,b67924529d359acd55a543e637de97f038ba79e80c2500371b82f5a1a546e1d0
12,gAAAAABqNH8lqWmIcQiXIiny_l6sTEPPgEahYJhwUnZqOAOZPCxKtrUiBgxDJ9FGot2ROG_E10tMs-G854Xk9lpD5GFRkhlacQ==,gAAAAABqNH8lmEw3CiDzg0BBikFw0_cdlj5bSW5K2OgxJ2wIzYbZl1H7YbMIFnP4LVZUaScXiCvhqXe-BZFwYc_WPKjfbSdXyl4QoeV85U-PuiiooMt2N90=,gAAAAABqNH8l2sGp6-35yaWVEtFuckOi3PB4LGsoMch4T7mmQ0zsUXMaiNHOXj5PBqJ3l5YbitA7kZAovrcYPPzIeh83TiAqOQ==,gAAAAABqNH8lM4AKmCi5xO0PrBMpqBzfAcC4VpS0aWwZsITMALGbzCuvPfNRzaw4SyJ5GAadPIoH0DuQsA3GlY4h_Hf1SkfNZr_A5V3ogxmOQiove1kKjhItRFJ09R5kPw0_oDtuy74V9I6Bc_jDbFkItGHbC-k9jniIFLggpr4hEBYUQ40GeOI=,gAAAAABqNH8lkVKrsBntgjGufFltWpkcW-zvOE3g-ylfcRUA3_PO2Pmw_4KGyH7evaTZaovKRP3LCyQfWxkthK1QexRPlx4J5bcoLC_McRDgVqODZcGCkXQ=,gAAAAABqNH8lGpbpeEVm2gWn4zo7LN2UekcGubRZ7xTICOpRPI0cfIAovtLG4cv0a7KL7hirWp5j75A8_IY845LmAw7w6J_i_Q==,2023-05-07,Jordania,True,40,17916,1138,Premium,True,8acccf27613001b8b75c732c5674ad3fc0cf33fb61357d9daa4b52c52d1cf702
13,gAAAAABqNH8lb38nBi2-FNqyyoGTyunarqkAcTceqI2OEE5CH0HoqEVzzw6gN0ovyAGnCAQDwrPp7D2wftNw_XO6-DkFhk1h8N3xTOa5WIe6ebDDErUv-3A=,gAAAAABqNH8lFz9rc3p2b1Y25iovaC6QB7bjh36XOpR7Lh_Aq3pFoFRUf8GS0QgY2dAm2GYXrpOycx_HrKQGLjU18w2VVw6yZHMEp1XXzB1q5NN8mAkZ7fY=,gAAAAABqNH8l8PAmTReDq_tmu-DQ14Xcb9Sv6XijX2fk3cSfvuGzIufy2hYpy2bUCfrjS5GANx8h2sWw7gbNpmD5fqOAyunZRQ==,gAAAAABqNH8lhiAyB_rNFdqAztZVBHMEplFx6rn62Y-nDNb_tPsXHAD7BNlZGXr7DYg3PP6rk9AwIhldXph773V1VL1tG0-MRDIHgiTM8RxQFk6iPaCWXECMk7SXb4p2OXG3GGVXfzAM8SFjtAd66lMxnPR9Uio7pZSQ2nSXcEDuvg6TT_xYUmQ=,gAAAAABqNH8lkK_STn-ImpYUBmh4okNXDCKsv7DrelPTfSuCO24awwXkmJUEKxA8oUZIXcpSes8KqdwwkFo9KnqLFS9cu-QXRXAWmEmpW4KnSl45U9GbbEs=,gAAAAABqNH8l0lzafKxgBwDw4X5S-EcBu-LKp6nKDjFtfdrAzSwgD0ibcVX5mGTm7b1WAoWwDw53qo3w8mGnh9CSouwQ_KJjVA==,2023-12-01,Mongolia,False,40,22393,930,Estándar,True,26acabdd49d565e71f875b1ba09325757dccf6c91b6eca916ce0d357f071c467
14,gAAAAABqNH8l7MH4dF0kE7ujy6ZlD5buY9kb36s58Yc9nXz5pYgo4AVqnIW9N7DMSAeRz0ijJF4sPAY-MqbCxax_nQd39hyuo7dMd43Y2_WQEesf0uBMipg=,gAAAAABqNH8l70U2em-1RKV23PvOBuqVY1prxVK23W_FVq9d9ExUcI1dhF4Sdcjp8Rn9vGYPICVzAT560xUR8BwF7HPeaJP7DqLZTb6KPDv4SZoPwm9AcpY=,gAAAAABqNH8lP30kjxYa1WIKaL5SOAEuSd9CwnR7b6i54vYG84AM-c4n_DxEm_2ZTr4aGO63qpU-eRrFNyZd36LpQ77uqP3__w==,gAAAAABqNH8l95KzBQwGp1aOynLLaoUVzL8RY3Q-rN-mG2MWxOZfQ3nSc5UxpN57z0j-RDxviISjNzNwMsks0axQfQdpN19KlMv7jvSqDf3X9OxfEJBQ1A0l1qV9Pdk4TVHAsearRfq7yRoCDoOqYTjYkTcXoIouSg==,gAAAAABqNH8lqx0Nkw1o1k67ThHhcz6v2LvQox5wDAIPx0DkJ_mk5eeoHjNSckPX8TEaY2oxiwcOZsI6zmtqs7w6N7TYySXiCNkn1bXc4jNdn34NvjM1ryU=,gAAAAABqNH8lbfLfBrY3qqQhvKQp_qIODKPhfk--jCQpL2rTs1xIoLIP8dTaDKYNQxRIjrJYV51GStbk6QOG7S5sR3WPvBPeeA==,2025-02-06,Tuvalu,True,40,24285-5928,497,Premium,True,6c84ac45928437144b0877c90fc303aad757c17a05092859e64d238ffb3ea9a1
15,gAAAAABqNH8lm-Lad4QtYLCiLH0nxbHD5E8zEmE30IZpcbtipTAV7tjTCVUREnUum05eAj5juSEWFXKHKjiN077bxysdLuobkMq9dsJog7F-P_e8vECltj8=,gAAAAABqNH8lusmL82FP-jF_BbJfmL5vctD77UPgli9rJFXbamhZtVLVZON4GZ77ppRuSFeXiHr2tPzSSmfBjfep2YQ43TQl56r-bl-O9KnSwNT4xoRepbY=,gAAAAABqNH8l0AjXZ9d4Vq-r9CTLGd6xyEM3KLcPc4zbsVDnTzgFjCjg7PIPFfzu0PEpnGPc9JIEvnLUGjdAtTQ0VT2R0-UgQA==,gAAAAABqNH8lVtNaWkGv-k9Q8caP9Yr7Y5GfBcCiCI4HHAMVvS2XSyI1lTYK-7ZHDnfEb1SnYg5sawsXiCyvGklo-QquL_8Sad3suOjiLzzH7aK_LCNwr1Nc8sDTpns9D9qpjAljMCVRsOso9nZKupa0Et9LwOfiaQ==,gAAAAABqNH8lYeitkXmGrvYUSLwlu6_JUkjwhheJl6kCAPT87eBvWq7LTH4HP3HvfDJb7QccBNZuw0Rfd2ZqsrhKKF0sXx84Oh5zQ7BVus39-1EUC-RZ4Gw=,gAAAAABqNH8lYspcWJREZotaukbh2V4tPsjx41Zs0jLbefIJo1JGg5HO7amryhHRHXLCEFPN7bP-z3H8KBqqQ4aJah6i2sryTg==,2025-08-06,Saint Kitts y Nevis,False,40,33092,316,Estándar,True,4ace51b2cfeaab59ad002b9c11978b418ae9575fba6a99f1f16b639b027d80fc
16,gAAAAABqNH8lz7i4Y56HS4OhJ5iHXmNFgocNNZm-MCQ50emeIk2zJkmRrWN-t0U3AFH8pCx3Q4av_CorKPMMniaU1auyTqp4mQ==,gAAAAABqNH8ltlVCJzGo2o48Kfxz1B0ZXkyaMISPtiW5_vtPxpdvXO_xQk1H3yVjENVGSisepyHp450b9ezucCLnmMQfQ3RUcBswLEG7D8sdd8GMMivHhgA=,gAAAAABqNH8l0UIK-JDGKfnD7ehDbwrW7qdNptb7xvhULnqHTOKeIopm2HOBcodonjHzjGSl_5kgwfR7evYp2mXTzfZoUgNAOA==,gAAAAABqNH8lek6BpXcmzjnEAejlyeIFac4cOWg9KoIR0QgX4zGxoMEEb2hrGGZ70sclM0f7_DSQ1qaqrHp-byEL0kHEM3n7ungY5ugbh5P42D58qf0k-Di7maiMLOvjcALgUrVQnZOqWsFAPNTXo6vLXyoHjajoKQEeyVWggT9sQp0KPQZRAoQ=,gAAAAABqNH8lXiTw1ctQaXnF1ZJPuLxk9GWvhrqr2qnhogcyTws3e_1-Mqhp3_jixGmtvHAKbxzzYeZ82cP0rbEe8UMkpeiGvylMHzamwWmRoF_P3qOtIoM=,gAAAAABqNH8lWpib31XphPyoKRSfH2gMaU8fi7730R-_U7T4_lWyKAzTGSkDQ3u8adnIqbaM3igWD_XjCBxM0lyf67gQ54OGzg==,2023-03-17,Bulgaria,True,33,07997-8150,1189,Premium,True,7ba8a8091379ceb3b5419f1594311262423cab5cc1b1089cdaeb5398c878b909
17,gAAAAABqNH8lwvHsSqWxNDV3FmAyp1hRpLN5vxdL63EaRFls2uRu_wdJMMIi-i4ad6CV7S6LPf91JuK6AbyOVCaXqf1YI34qmWNuY_XJp_zsoU_8PYhtJTU=,gAAAAABqNH8ltBaES6148WVxZkfl9a3iyZug8Gru6MH2tooz-JUHfbh5exqDxxc_293Xt7Tvt0FV2CiWI8EJkDELMBuXo8hCb62W9RiOWx_SOe5hT3MGTSY=,gAAAAABqNH8lG9NL72MoICzgWe7HXFAIC3w-WC5STzhB81YI2Ll1iMMTOkG9sN4DRlpqzw-wYAzOP3JzErjNOMMl184xCf_htA==,gAAAAABqNH8lVpnPLSxpssyjD0iWv3HdHNlQ6QnAz-8CXi2zc14fB4p3_lC1fxStemsmV6ozUQhtnCtcPhdMZzh_pf-7xirTZPWA2gHiOn4jZXaJssphJcjDNlIIe3A3JDDF_pYJciCqw-PnAd5UTQ5WqywtNSGkHq2OH7iilU-tV0PpvI51ey0=,gAAAAABqNH8lUcVtGSoJIsE1ksfrdxjZlsJHADoO75EpVx-yKTn-9aRdvcfaVQYPeDNxBClOT64VFEocWa7njuxaPX-h1Z0JWebyNKoM2TKHoQ8jmmMUOgs=,gAAAAABqNH8l6kXc83d3i8qjAJpHHd0h7FViwdOFr0ALxDMqxMOIKfPE-nWz2lYRrNWG6bfMMH28LHmT3EakwZX05sbzF6Q1Fw==,2021-09-09,Guatemala,True,40,83229,1743,Estándar,True,b53b4b02a2460aed9c226408a61bea5d16de6f63e6421f9429481aa1fefed096
18,gAAAAABqNH8l4fT_4_LnU41kxTB2MsQ2xRtRubj4O1lMzRnjrLiiZtemFSkN-fnzoRORFyKCtC25NjRrkojOG9AMSBsaDXdSGA==,gAAAAABqNH8l7s6XbjMHSXT92kYfmxpyKW0SiTJ0HGlHMnoXyT88qtKQWOfuEg1JdxGJSq_2kFN0YeaoDDVFCTqYiAbQJ7UMoBleUP_YalhsntOMepy9XmU=,gAAAAABqNH8lYKxUJBq2osiez0R3Wk6-4tp_aueuyrY0-DtFuRu5dPV5k08GwzjJOYc6qbyXaINyFBYMNuxmV0z9mLOFJb5PAg==,gAAAAABqNH8l8S1hTV5KVbTI8wVy5Gc7xXcRmRae0FYYo0VBRO6URbyn8uolqVS6IjOHR6IrhS1J2iRzPXnUTud93UMTlam_ZW_tmdS2tXxY4UUC4ERPHQtnUoOShnx5a_QZZKo0_dXs2HuSu6ERHyFqby486rofW9zNhlOsML1Gh-OZEgiY1Jq5TMZpn-A0lmvl6O-yP9_z,gAAAAABqNH8lP_lPijHWPnKCa2YF7CibtPbV_Jft3iuui9ozh7_0IQsMUEOzBjyYD-E4JQi9FKU0aJ4vJ-ndv4ZtXbL1NKNQwwB9EEtaIIWV3rFJ3bKufzc=,gAAAAABqNH8l-QXlcDjZV_pCQnOUG1OHxy9zqdbkXMfXkdrs0j_MC2R4YdrxuCTPPRSIlynPWcZOQ6KcRs0LMY9WJI9vAy6-gg==,2026-04-09,Colombia,False,40,23209,70,VIP,True,4958efba7ac1076d6f20eaae70bac5f51e8d9b0c829b136c0e437f978c7d1706
19,gAAAAABqNH8lrssrqB0P_o9W6tN0jiM9agc-9-FTggK1GBrlBWaWg969-WjNQ_NPJjJwHghAwum2y_kb1k1VXYkGrE4xEZ_OACajicwgc1IlX-Y0T7J5vL0=,gAAAAABqNH8lrY0MEM85njbhG6FhfPeakLM84ZQGzbJyKMjxj-3wpbp28E0cyoYudeTM7o7BxW58qZKxspoAaMn27pueY5_1N-KOoAvSTOoYwpP0857X0Z4=,gAAAAABqNH8lwbsUJ88h6m-5U_oJOLiV2ZkyMvGnApPCk1lasFJY1XPld1V3EPJtthBE51UBfjiT2FYtpBhTiP9C87X5KwaJMw==,gAAAAABqNH8lwlClf83UFVPrNqMFPxO4XGI4pmHUOfXhUivS2U5ctn0s9R11F0kHQpS7fEurc48NS0CqmfB4YyBQCfdLVjGBaqkVBKq3EVlJa-xEG5se4V2nWoHwCfIipQXTDFrIylBjeXs1WoXe1vHx2IWXYLIDsLBa8Qfad5EUMG8gYOw-MpT_wTnU_QUziqNNCqfVSWxG,gAAAAABqNH8lREZU8NZcczEda6GkBfckfEeINwkfyDuVfoe8V2x9_QvtwzNCv0E5fyMEIj_mTTZi1J4ifc9UjHwmo2uApCvFeLkaQiicwfXrQY-CtuzbyW0=,gAAAAABqNH8l6qq9K55LOL8V6chqZ8nBd0ME4l7teSOG8ovqjUExa5AfSdo6O97URPWHNYKaE4mXqrEiDLxe6OFfF9MMkLuIyQ==,2026-04-05,Japón,True,40,60630-5119,74,Premium,True,8cf6723f808e7960167fa2fe25583e43395510d53b6ac641255848f853b79943
20,gAAAAABqNH8llcOugnrkelH9hmmwrM5r2Xl3t2nQWUvW0uYrjzU6u8i7J6UNMv7j6t7tD4By7GWc-HVRWk5VjzjkwyYd8w4y6JwvNAy_6xpHYyEjQ1NASNo=,gAAAAABqNH8l06Jb9u1Eg5LKqixEMIVfKbkNJZdYbs165xRKO2YFeCfDXU5M2XGTZZZPrieTqYAVguILA1wsN77serumqAxrtnC_ooHDx_bsu4GK4-9TrbQ=,gAAAAABqNH8lOrXGimJB9F6J2FE5b7zXMFg10bsTXHgnMFdCXb484EkIapAHCyngeeTXruCXMdC7oQpi3ZDZUTPDT0trfdz40A==,gAAAAABqNH8lF5vBSvQscvOwjpAAlPz26ySmH9yxDqF3U94xdtfNnGD-_059yYHpowSgPO7eZd7d5aH_hROpW9AYbnl7dsMxmusGnIBMvpiKL0irvD0uxu5Hs4KcHHIcsUnws3dz3I41alFEYAzIKcaaoCaHOGJMFQ==,gAAAAABqNH8lU5MYbAxekqZz92e-xlSjlO6xMRgdWks5cqq7OzQE95wNBwFFlJHAqb3BJlCk0wX9qZro5Q9X0oKQXviFeY2Epw==,gAAAAABqNH8l5eTgLVfiapn2cdWDjjT4GXGeVtLfV6ma8JIMYXT8XN1779jUDM59iM3IgObLUwEhxA8e4UG0iWd5FlKvHtIpnA==,2024-09-20,Sri Lanka,False,40,95330,636,Premium,True,7bb950f457710ce25c993e7d04b0f568c5dc4097cc48c1297703f27facb6d35a
21,gAAAAABqNH8lRs_stzlXx4Lfzz9FngqTW4Kbym6GfmqovselYgkXGx70Jlb3Ap9X4yxt_cmlGpPrTOVgD3WOgsjKwZMTbj3asg==,gAAAAABqNH8lTOFWU8oWoOIEWDxYIUxK6lr_v7hzmxHoP6pb56OXOluzDOZER_lXz5yI3II6jTLVHDbi1zaCalZ0yGYQMbLaFMPrJJMdgtfNvvZ2KTFxLcE=,gAAAAABqNH8lB5FcOtB6Jtk4wWvAV655zo-uCg1R3nHh9jokTDY8ZUFJGxUbygH-JtHL6ySHpEFVXWPdbhVhSN8uLK1YyaSdIg==,gAAAAABqNH8l9Cb2BK5eDpZToq_9S7ZOsDX8yjO5WFhg2epMGri6XGT-aGWw5hsP8QqeTWzLhiUmnIIwXi8jVzeOYgEVXHAS3Vn-6aDdBgdYbRuMz6gWYz6lBMRDUHsenUd2EpNF1f5u2id9l-15ptNq5bydjzpd1vKfsQPKPep-9VN8KHi4kWs=,gAAAAABqNH8l4AH-ec3vzi9HPyIG-tfpvBCFVmHlaZeyR4R4dtEpJWoVuM5nq5TD5Xa1e9iQa7j5x3fjhp4XyvekaICQu85v3AoWjaHM4S9m7sTWWr_jG2A=,gAAAAABqNH8lrmchizmDVgzc6Jj8C14YDfhynsjH5lJOfjyyvVdhG_vme-r-R8w4A4cuT16kElABAR4cntvKdfj6UgzZlRsv7g==,2022-11-17,Suriname,False,45,26522,1309,Premium,True,47c9b67dff0df348ef788cf08eb1ddfd919809b8140d31c5a638f55ab3fdc02c
22,gAAAAABqNH8l3G-23wNY9pJEN8hDjOBLSuaitmvWYPeHyyUSSiG-7U10NeWwIx2J5zZN69TJjlPDh3oEHd1XLDVmpEx8ecLivZlEoM5FK2AckBN5zk2BgxY=,gAAAAABqNH8lOXmC0AuT-dQEcvlm79iYbSl0NmLfMHLOmfWOiPJdXGeGJhS6bPxWgvwdaMpN__tsnN3udAIpKRNi2z7PppoX--BZqPvw3bbgfj3K3i4X3oM=,gAAAAABqNH8l3WAmn7qvr4PKTtYlF-DGYfmCUz01WspMLU538cU_fO5h-i_JoQU6qtgAH4ayeoGIdZe94D9x4IzzdiBJZm475A==,gAAAAABqNH8lN0-UQc8rSVaBfoAbaRlY_nPQhYVIgGCuOR1F0aLFHjMjUiyPzQS_Knz3ozRc8hEBSw_HmrbOOZEYVFDUBvlCnsR6jEezBBLl9dPZpeBzkgB3MvMtbaKBP2EUSIRcaa3z3MIk5DiB8L_S0tmcJVFjkwMbpT_oHNf83mcT8sG5ez8=,gAAAAABqNH8l_M-09l-kEkW1JNZtg8JINYOYlQa1fMOyBCfB6Bs7JYdz1InW7OCXkpGCmGPyj_rUuD9cROZqOe4r8lmN8yfkpQ==,gAAAAABqNH8lk4myycke8ZQK__3EJDCsbgmcPCgshnJhg-Y7ogaqjnQRfiG3JRzL5AxOHsFS2A4z3rYA-p_cljkNh4zU8cTERw==,2021-10-06,Mauricio,False,72,42933-9577,1716,Estándar,True,61efe0d491cf4ce32ec0f0d2071fa4291f67ac62042a8179ed36f39cd40925be
23,gAAAAABqNH8lXrLq3W9aoLboOiuyqNCSJi8oGVbEt2CYiG7BK3RUYPwyPLybMxrdLin9l1XrbGls4Gbih2rKIosdTVhn8MlrUsH0ZDccylD6d6Cc96BmEjA=,gAAAAABqNH8l-2YJus0nUBB1lv2e8WFog_HeEGhWx9r1t5eLq0f7qTm3HsgewKZxzDKU2RN4n8p3OP1p3yiWyFpMbiXzuyK1S73cQe0qcEjXaCkdruBM7pM=,gAAAAABqNH8lrVNb6pQQmgnwHmr8wnbp7W6Mg3trUZo-UuY13ePzY-TuTDFL8cuT8K6GQKC4O0TLgXrRp8O2HI4BpBtAg_rQKQ==,gAAAAABqNH8ln-xG3T7IVIs4H4pFE477eu222cH8gxMR6Y0GBvf1c6I0ePrxQnl_woiioxKt0acOunPjnJX-lblyuscQy_oHTQNWg6prmOwpz6jRNUCgFG86yp1eHC3xuGwMmp--Ou3YFTVZfwZEB7xXbu6682AjRw==,gAAAAABqNH8lled63poi-QSubwxY6CXEGsNHAK-Jp0wdjUGGyUaRpE43VhN8R6RXOSDv0tUvugNxt4wmX2L8CzlHrcfb2v-fofwRPiCvcuyK5Hry66DUpyY=,gAAAAABqNH8lBOiwbQiDtcx8jL16Pvn5X0BdDQkqn0U92bBWmYN84A9D_LDEV0gmh6_kfpVXwZ6nQyyU7y030dm0Q8kWLETsdg==,2025-07-10,Zambia,False,40,51940,343,Premium,True,1a4f96270a29ea65916ba77b1dbbea027b59cca598a87ced79d719c81b423349
24,gAAAAABqNH8lExNWVilQ9jUqBLsfj_rxhHWXIRWHXY6EhvLQN8rGdz-mmHePyyK_Su-PekWFEvcoVSuNt6DWkls3H0dSkxHnc3I6YHwj8Nyt9uPYb5SHeM4=,gAAAAABqNH8lgcPZ6sUFFvHf5tVtcYqdq7FNrDswyA7Q455NSeSffJncZbnusF5cRgw_Z4HgagQxl99_6uR1E6KHlGRawrdhxQVq_my9s62L_gGG679iqJM=,gAAAAABqNH8lUoGFLeLBq6KPjl0L4TV_7V2z0EDaqDuU4YY2TacKBRK2fTr1ZTKXSQtprWYb-I-YtMqoxZ4p4GDKG_2Ff4cwPA==,gAAAAABqNH8lZwQWKhepcc1-R0p0uMgh4VXCmWUwMwnQeSxei5HgVPgiW1M82441GXt2rNxxNcWcVfg5CFUYqtA0409hiGmuLDnWq2-YPXA3ylnjAFCXD_Bk3CqitG6YbB8PFvgs7817CgLER9xGq2wwmEAIa3Jtd_EP3G6cWviuPFe0ujOcXVba7cOzZDFF-dGJ-AqBC1wx,gAAAAABqNH8l2lnmO4nIHrronc0NJKYkqfSZZeguaCEwdloZMOeFuOH1waty2vHCpfVf4vBA0uiNwZ2HHfqjzJCYeQaHc_M2lQ==,gAAAAABqNH8lxCC0oSJrDaZZgPEM4XVWVSwb0Fa4aPn3iJsKC9HgvHwiAAun8_9QGVo_BAsglihjIMXG3h2Tqa7oE2nV6Wz9LA==,2021-11-05,China,True,40,17605-2227,1686,Premium,True,c37b0646b4e1bf2d919d5eb3735ed286f12f32c95915c3b9eecb2515ad921c82
25,gAAAAABqNH8lzgPy2Js1XhJjLVj3nnGm4cUySLPKHNJgME0KQsqSYsjlqIF9ydyybnv7Si6blsz-pzesJ471jUaC5tMzylTOxg==,gAAAAABqNH8ln2r0NMZWMm4o7767__tcivQrtxpVP_eNj1AEWJ7NeWmqt80qrR2bBuL-uFimLtDYV1vniHtwUc0LDQs42Q9xUOoaEd6bYlaZbpHDdra3r9E=,gAAAAABqNH8l2p4FqwNdwm-fkhqmPpnglFKo_fvjymu56eiT-lEWzXIntE1cFPq0yLPN2Ig3KJuKrZekJDLobV8EiSJu32Y2lg==,gAAAAABqNH8lyDzpbsre-GgFEz2aJTUrNSPE518QWm8ikBvKIhreJsBs_rK6H73KR685qnC_61I8dYZ0vN-lTuFBzYdOYiRD1-97UXRmbHghrZOu6e9mEoxoR0mGCiWw84HsnnUKcUg1j2vvCWGvfWwpISZahMbqRVCL4yyanwt-Y5DA3AQj8_bkSXnliFRFtIXXJr109BDy,gAAAAABqNH8ly6FucZtxtYrWBbd4BPrcuaWhPqkwLCVDbbWxDDZRFyH0N3pTsxilR-PZk3tQeUxLP66WvvIT5Kb1ex5DLWoZAuXq0Besy6LSE5KOZ_BapOw=,gAAAAABqNH8lHUFfrNqcJQ2mqVPX03dtdIkuBvd-9qVQkoGe159CzDt0PYnhtLAsETNNkLMnQUVlpt_yohlKmLqfCbiaU267UA==,2025-07-09,Marruecos,True,40,68582,344,Premium,True,21f7e0c21818cbec0a7f8f9d2674792021ffd5077bfac40eb484b29c00843345
26,gAAAAABqNH8lvRVz3UdKfT75oJu8oMXV6lOfCjl4FCGXeYwv0PnLJF-2mNH8QfCUkWhBFvjxo3Sn5UV72Ax7YRUw0iBPnq8uwSH50zXIHw71luGtusF0lV8=,gAAAAABqNH8lwG_3bBRKqlGQfp08HA9SA3P4CGcDokvtN5fQICsv3HxkH0Yhi6lIJie7WWaWTsEvLsSTyAz9KFT92Fnh9j8HEZ0RSk4SK7SZT4lJRvWlTZA=,gAAAAABqNH8lEIKOZwpGiFO5cgR5tpggO07FKEd7Qk4G5LdwwkLAmbDYxSIytkxoMdvPXBv0jFgz0TSkXnW6ON1Qu5ggac-DbQ==,gAAAAABqNH8l_ChS62qeUNJnff7bT6Zt96gizTuWNZjs466n-dLXWmbnfQT-XkvyEurIy7WxkEPCNO_sJ52I5OIgvuJoXXIMiAkp6sF3ahvDZRp6pFZwNeAoV21QOUZopprfREeeQzJ_qeecVVRMpO7PCcJu-ypfMp3O8bdmGjRAWDF3yOXNfHoMdG3iXObcNOi4ktBRQnII,gAAAAABqNH8lreLv3XjupjYehS5udBUvVyqJNhF9HkjvhH5dghRlCjI0hCD2Sn0ddAhxZe1BGFbd1aPLYcj7hOR8VlYaHvBpLb26ZZhoeLCdcaq95hFmmVQ=,gAAAAABqNH8lhkEM2ss6Qfrc8FdvsBxWHYTMpvHbzu9a43lwKC3HzdYnvMZ9y5IlPjCUJj9a5Vnyz_Von-PNRzYZP0Nf2WzSGw==,2021-10-17,Uzbekistán,True,54,14072,1705,VIP,True,1108849da1dac0765fce24699a76784afc059d2e86f07e24fd346d5cac7200b2
27,gAAAAABqNH8l1K5IKW13WsVIAZaf-Iw533oJYup7A_sW926OAMXvZKCIXCkZ8a3ulPq1svXpz6Tz0_aeAIPWSPIzzKuUOU4tLoG_gGyTgkCHHNWw5iRREmc=,gAAAAABqNH8lUAK67X20us9ccvE-CFbb1pM8x9g0yzUppgQ3XmvGFQkrLMXGuci8TBj3EoL2mGgFRl2u0tw-AmStPoQOVanZUMvwDz-b0fKg12IUSy_zp9I=,gAAAAABqNH8lkB6pGTlWT1S9t3ke15H6Ir9vgrmcPa5ADvSmzt9QZUD-4MfUF5pZZQhwU21PeKWBFuV9PZ9OJ49SFNjSLTP7iQ==,gAAAAABqNH8l97XY2v7HbSMWKGtLAdvj5irHjSMXzcBXMR0Tiv_k71QiiNOneXk2CEo6BV3NJz5vyVBPY6AtlRIPVt7HaYEQES6d9gY6QhX1e1DSHsE3He6CxEV30JEjlaRYczRsks1VEMISXGVq2eA6UVKPvMJIkA==,gAAAAABqNH8lqRORyOrYTCna7q3srGnaC8rJY1a0ZAFOVVybW7b1qCuZ9eXYbQqJgBcwbtZQyxlIlYFVoId7GKxF6yw02A1koQ==,gAAAAABqNH8lWnxLeRhK8w_hpxAtLqGXOyxTFxxmgYHleBycn11M9UKmHfZtp8t_DvwT_gDvvrlNXbq49y8cHD-APSupZMeQ4g==,2022-04-30,Polonia,True,61,27053-6058,1510,Estándar,True,f63cf750c7a8e4c71186f21a9c1ed43e66efee627a762ba7e4209a9cd230c32a
28,gAAAAABqNH8lf__fQIrHBMERWUVM18hyR1TnZ_oqmmrzH7530BUG9JHK1mDD_NtoFXke3EQZ2UByW3muHpntOERxhVSySFhegg==,gAAAAABqNH8l_kSD9vMUUUgWx6wPTj5grUuTSt62YNoIAI6jYhJY1ndZjFy4IZ_XBP77GoPuCBqVAEolILR0YdiGWnh7UPgYhjHSNoCDLqMXNWG1gux0dLE=,gAAAAABqNH8l_SyctVRhBy9fjENnFPQ_cdpgU4sag36mIZzIaj9wnslDvLeFefP_YJ8mVVd138659oAHBZbyjm6DhxyScdfIBQ==,gAAAAABqNH8lrAcogx9yMvYjn5rJDzvrkfSvcOg1pt9JzjQKaClMIczjxRWi3kr3Vd0Hzr2P_Mlq9XkoDxchDu0Uci6l1OsyVmw6tQ5CYfhz4lQRREcyl4qUemxj6hr_xeiGvxPLJU2gvVRMOIeXVtdEUHVGwdEzPHCvMomwxPD8U3-KcxynpT4=,gAAAAABqNH8lBoJWKW6NEJW6SEpyzta7XaOTquj5jDvOogqMJ24ks4ULvCnrmlEh-RCPGovWWdAi7PTaqBM1n_O5fznJdjjceQ8ysqMS7n2z6pbpEPC80xM=,gAAAAABqNH8lRIUogff7hDG30ZXhQFK4tML0G41mi75ZSotMBdgT9iENHbWuacX5n7WjMq2UHxbRUHqGIyRRSC8cTU0sxO-dKg==,2021-09-14,Chipre,True,40,61127,1738,Premium,True,d85012d340b5a6fa64174dc9e1edcde4591dc30280345ca02cf1601759c1ace8
29,gAAAAABqNH8ldNKOXHvr3RwAgZ1bPa87Z4sd1kuKzxmxvUGhdc_4EVL1rD3T7WrJ7n01AAZXMIlj9QD7s4nYgVz3zjDCwPWYW1e0q7BUzYYheVW4_Zrf1gY=,gAAAAABqNH8lp1slKZF64PwyyRdP99yBpjIcS2kemLZj7hlAUAItEkIKDnvLUODiMTYIgzWFwx5hfPA3cgg3tHUkEYvIx6fuzEYSJFCwq5yx6mmDIS4rGa0=,gAAAAABqNH8lUNy-UA4t40DNzWMDmvQNPq_oT6r9ING9UPNs4a0e2rbX4RsOCq2zzUmr0gTCjFTtmSWAT3mpbSsUGLHpzSgrnw==,gAAAAABqNH8lDAl2Wkl6ghFZWb95eLf0Or2_rQMu9Zevo5xeCmT41eC3WLSV8SjXl0Bq2Kmvt9qJAcp-z4y2S8hDCPSF8HPcg42o2RjcltmNngeyoUnbtx4S0M7cHJydRYg1RuWrivpACoAJxkEYC1T62QCC8qYzWslh_c5fUmtJPDK9O9MNYGk=,gAAAAABqNH8lbFHGXOznPUbrbxffYJPQ3kWBXIainMA_85A1JVXuFNNAt8vNvESbQbSwopClegTEl1666Ukbw-Emq8QnP3gRXx4OgTix7TqZWhdEJ1c28FA=,gAAAAABqNH8lQyn7uBFfmcBTZTIyvO8ZLc3j_X3xK5esFO0yebueqkoighy_1GExpI6oaD8eI9Ik7z0q08fzJpn2_sgblaS_ng==,2025-12-07,Gabón,True,40,39205,193,Premium,True,980bbfba92821a48dccde67121791620cf1d0cc2c054a31cf785444a0e94e769
30,gAAAAABqNH8l8Gbm36FQ3wx5nuPE7KsMxkOkqKrKZL131E_0O3NNUhKzxfyygXbQxByokO1I75BjALYWTVFV3OKfmbgZse_eYxPjgsrFl_IhsWKFcO1_Ctw=,gAAAAABqNH8lMrh8iWgjqSubtbS971aY3Qsv-HMu3WcaF1Bnw5UIHCQyWJHUoLhgEhecdGVcDg3pghLyAnwVfXMKFJlL9tAxRupdYJ3dfzU97IgIGcqPNMI=,gAAAAABqNH8lvPttcPOXMrAvX1v4mrGwcXx5PvJs6ARrwww0H509Czu6pZRP1idwpEIuVMGoCq2MPLeGZK0K4hogdRSXPchxgw==,gAAAAABqNH8liGxBM3gpq2ecCJUeHeCKAJj-H3-_5ZfMvI9x6il5aFVIOv873AtO3hUV5D_0bBpIOWIqXeq0ROLqIkslleEO_nlVCFcQ1tzQGxGNZJ2m8U0AL7xI0ueAg8-OM38QYZ4AzxK-ZGBpYJn7PJTAUza9nbZ3UO7TP5lwRF9pyZU3a0kea4wtgVlZArA2GedQHYOS,gAAAAABqNH8loZm1FvxtKgnseFuiEVhrioag9oJG7ANHvZVNvZxE6_Rl6kFAA2ECgrrm09EHcSLVyh7NNlTUv2PUTrRAzyrzIg==,gAAAAABqNH8lZe4zUspYihZV9If6zHaLOgfLZAsGxiEKAvW1m9zVcdiYQfh2e7T3RxR0gwFqqf0QeYnpof2lzMi-z2CYB2GBnw==,2021-06-20,China,False,40,49747-0381,1824,Premium,True,b4f31221f21d6551fbe6c81db97f8f8bc4734f3d9d69d0ec7d13b08efec902c6
31,gAAAAABqNH8l5ZlOhqauNvPxxvmEUPgn17JCq9DU7ocDchTsFwCoe5G4eOY_sDflNhTDFChBrzdhgVACbmNRhxNYxcXoYs2R1lLfFIqolFFw1khR_2Y1btU=,gAAAAABqNH8lb0lBd4xCvxeWf-mvsMSbfbYpkqQ3UF7gVe4XfT5UHXoDABHsRgj6h3CFmGg2laKkiM7iORQEUuQuvlPmuANpzJHf2WAuxrbCuQLyRxqxq4Q=,gAAAAABqNH8lKSsoOlfhgHHu0qvinUgw1GjZReqB8gOn_XZZJdqVYv1fzRObhGlZxG4yRk8XHK0glKTSJEwU1qA6OmJ5MvLlmw==,gAAAAABqNH8lGbZQ27x0_bwiBAtjZIRQtqsmqALLZxo9dAmR736yNy5tx-9t8Cv9GGgccxYK7vYipR148NXGL0_BhTIZ6XMtLHgf_E82FwXuF6rxv4dlIjWBFFFyOf8k0DrftIKWEUX9F88D5fSqivt0Fb9O_mF0vysx87S-xMfzcJTdGF2E42JxfolV4y0gQQYoj2ZZ9RDN,gAAAAABqNH8lF1AZapDU9ZqzL8Dj6LHHYWAtIK24t296ZjoVoSy0QseCDiPon_8HPc_B22W4varPnC-vhiqVUn_dragO-l1wZw==,gAAAAABqNH8lZutdiUVLi_9_SDCjcYHsJ5dJxftT_BZBQ2kl1yI334zuNFtXjMcykLXUTXYFrXyfQaA_RhAoO9x8wSmTzqzR1A==,2022-02-27,Mauricio,True,40,93678-8199,1572,Básico,True,699bdd41803cf9235dfd248ee0140c09900cef3327e1e37b5b651fc539416f8e
32,gAAAAABqNH8loNhFoagGV7ARYZp64apcmBEyPsq6viuZrh2az6Q7ZRQ0I3koKCikDnsWgDc3dzbnMDgRf9QWqe6GrvzgiMbA9sJyHxrKa69_w4OEtpy7QtY=,gAAAAABqNH8lgzeN-3xN3IokxeAhz4Pz2UlPimfSEi7DzGeHRr7MqKshJ8BW3KUlN2mmR9OSM7gHpWvHpDDcatdzW5PUzDzzHywYCswAfeS8iGqtSjEXBHs=,gAAAAABqNH8lnF3d-Fa-x8qSBc3687vLqYQNrH8QL2VvFgGrwjtTux7jXmjjRQt6cpc0Gu8AD-YgCdUdQCjo3FBivLtwlr8EDw==,gAAAAABqNH8l2Ddnw3zfC9hsqcX_I6UWj0h92W1iXWwiCi-29Q9H0er1TBD4gEaD-qNft82YKT9iMLwFYi-6HE9f1TSMbybK-8pOm1yaBliZ5UskZFZbSXWce0fTgA28CIWFCE97itpRUY_bpIp5aUXfs5USCOt-TzOXX6idvkkTeLW7JCqxQ58=,gAAAAABqNH8lefpndT6fxBmcbq0ptDnF2mR7UoZMD5SU6jEy6Q_82qxyg_tzsuvcWDZ73XBkTEVpowbQGATAPwDuNBMI0Y1x0g==,gAAAAABqNH8l_J_IpwpEFze6jOC56BhpqUi76-mnB8VouSYqGmmfo4dmxgIgMnZL55JeADAnTao6Z5inqPg9n7FQT5AaRwegAA==,2023-11-12,Australia,True,40,13723,949,VIP,True,f1f58aaf6eeef41fec41857d8093bee4b0fa6f9895def496c3c085da1f9c6b07
33,gAAAAABqNH8l9shpbAaCqfH4I7-4DvkeEy_exdGXZvyvuFnlFOP3BtrZW_B0v6I_svzYCs7sqxMW4IGWHEy12jfLm9ivCJ8Uew==,gAAAAABqNH8lXBIi2h6SOgIpCrf02MJKVWvExrDYOUQRDhaxPR8JUvvY7lpo0vyFM4Yzz5oqvlFOdikEcKP8LCuPt0yMeYD6euiNhyHySxajJd4eKWWWJCY=,gAAAAABqNH8lvlkxSkt5aSqtbm789uiTC5XNBE1uqztmEs-7OeUxvErjxMqUdCQZzii6o_va78ew6eEpUok1sa7ZfrZaDyahzwf4yapj_yf7vP-E6cblTo8=,gAAAAABqNH8lx4k_BEf49B0kfnKfoJkaj8Rr_gCSU9Wtg9JM0ESwmFDlLeDtvfB2t1ycIPw7bDvjiXz2Z7e8WNBBf4zwTmraHWsHZagqqNplplZ05LWOXvwnpH9E68_oeTBty46ZTZ396m9nbp0WNIO1PCtDSlTY_RwFXGbB75nRL5ySxLZyWxr2OQuGhjzSyhLJ-Gt2RV0Y,gAAAAABqNH8lkJI_YPXkv6tkEK83qUD_t_LcJglrdS2bO9NCt6vnXxX7kgVBCXbTttKTSMH_arDi06S8hneL_AZz1LcnPT-Uf2N3JY_wVT1CtsW7pLo2Dkg=,gAAAAABqNH8l7qJdeEfmpnaBeoliIsk10EfDes62buKdxM4C2_qpLlaMBPwCDy-LRGnBZ1H66egGnn0vd5J45QKNCv3MF8ac4g==,2025-11-05,Francia,True,40,68859,225,Estándar,True,de80d5dc730c92c1460ac4c11ca4219f57df4dc140cd484b538c64f68b1acb6d
34,gAAAAABqNH8lICZELO8Ae09hKGlDOz1DXpwDHbYuLhYCe1LkOWLtDHvApNkn1m-RSRCBzS6C_EvKrQsiJQlGaSVeoNXoaYdGvLUEjKQvzPj1be4j2L-cobs=,gAAAAABqNH8lQKAJNOlaJTDh42wucba-DEZq7xeU3nDwGmABPvASSwJMFaj-8V3SsSwaREnVIosX7raCQY_xgHrrfOErOno-l_zWVBpY5rJDwVLOw5d89dA=,gAAAAABqNH8loZ8vhATAA9stFw8e9hl9QXeV3Ce8vl-Lh6I87LixBw-NMHJ2O_fd8hoz9QKJVBQNxegb6uQjq4Mbch3uE0udRw==,gAAAAABqNH8luRRfwrbcr0O-RKd-yyvzdwcGPtLGfPYJQdmBtDFYskXfb2itFS_aKz1bvQAinsmsPFl3jyHliNR2v-vd9rRyEUiOeZA2scNoRG798gPkDHt8drqdcaALlu-UMK8Bhsol8Ca2gJ3MZ21cNUh5OYOH0g==,gAAAAABqNH8l-jFZoO1MpLIe-6SrC0djZRjrdkHjeIkAWYl5Wq7RQXvfNVUArltgiCbUqWRfGk1lLJB3toz4270VdlxFGSeuODNWNrqcHScZ-eJTzTvxFjA=,gAAAAABqNH8lB2CEpCcHQgnn15_uC9rRsUH8Lt0GWiD0Nv3pvJu03iBnLBCNB6g57V7HZuwEXhs7P6ca3qnHjw-B6T5cNjzfuA==,2026-05-03,Zimbabwe,True,40,27841,46,Estándar,True,819433f8e7f9ee4089c7c159bc89bc1b546ee61f8bbe64713d88ba823945d92b
35,gAAAAABqNH8lZvMQp6Dl2HjFIGXEj2Kl5RpTByEluKU7efaBjp8JGpUOLqGqpZn04vZpPS6ZRuVOSAemXqe9cemtbT6ooN4wjbsvkVtSp1Jt2hPHmULlE0Jkx3pJtmUQz_tGrHN1o67t,gAAAAABqNH8lf4V4io0miUE50OEHFAQ8gxcpnOZoFlQvUn6igjfFOPrc-QMssF28a83soCh9z2NAT9vQdU8tt32WWiodPi9xDWPz1SJWEdH9tnKM_Fq5das=,gAAAAABqNH8ljrS2czGA1cF4g8Duupo2HlwBnQ8MTeGlg39_7VyY7zyeISfP1BlLq5YGFiBRGTuoEEkRVOutCOYpSx0jaldKig==,gAAAAABqNH8lgJ7Fgxi9vhsqh3fySs-QxNnhFQdGraPo44FbiHpyzEBLdLIq56tSyChd2tmSx9MNZICE_OkoFat6QFTTgK8mDqT7DFEqb9gUhvyahVpH5Ki8fwkFrASnLd-im80Q1yCRv2t660JezEhUl-SEypYSeItaMXwh9hGgDzQu3qgeIxs=,gAAAAABqNH8l35JnJfOxfx0HSse2C262aBn9XyOLgnwJrcwVBj_rf5oT5Kj7K27C-QlLsnywyEl3oYQGUrPfRDgkcm51kUaiQUIXB7fjzaMsGK9Uoq3f7Ng=,gAAAAABqNH8lZWfbNZ-iVzAso4BTDXCvASiGjL4LuaG-KPnpRUh65RgnUjP33k7pjSw9x4NZI3YevjH-x6-Jafjy9Ye1em-MLQ==,2023-01-02,Ecuador,True,40,78426,1263,VIP,True,b30004b3f39123ab5bb53f4793abb3afdc2e54cf9f0c3925cb2ea7e6a0780437
36,gAAAAABqNH8l9et8dOTTyXWfAhB3CzncixzWjTWJ5zPB4o3z_hDUBV-YbRcBmkDdv0oOGZYL_nV6IKpoAl18D3K50udshDduHU2YCqmpUtvHcQoSRLTNFE4=,gAAAAABqNH8lBWwx3ueRaAwpjfEBwlqE6mTgrrnz-JHPfZVLofdQxvETA5AJv6-S9dV6mdI7JcSs4C-xpNHKAETBs_EIFoMmeh7xBPMRPSSEcjQ3yRLV5wc=,gAAAAABqNH8l45hkLHUBzbBrj4oy61a1ksaDHXTYC_-1xUjzqrjoeFZ6bbiNF9f-w8qdn8NjR31kAYdB4l1j_sJJc_icB-Udmwv9naTB2uKrGEbzG_KzyXE=,gAAAAABqNH8lzRUw9GdY5Zhi2c6gQINZLr_haAsYGHeSc_btMpRH-IULzQlUslye7Y14_ebQOjdPjvgedQmMpGsqdbSMAXUDrBQgQrMEwfE-wvyK5mB28F7HovB-qI9rqkeJsMzyIrvFIK-6jcHWeYfCMPJqtuQptmuOTzdUTK4k-srIECDXSTM=,gAAAAABqNH8lCj7cxWB4pWsYO7TwTALdGzqDA3rzxBtY3SukFl2Q2jPJrBM9FECFp4mm1eZZaEcZHE4it9Iq_Ovstu3lhatc7x9n-ygyeyQWlEybBudWf2w=,gAAAAABqNH8ltBa6Scp6D1_YRC4B671x8Nud8jeGKg7g14r4Q-DurpfPhsj2rwwbxIb91_J9-mieesD2BioHffTqnPXWNMDGeg==,2024-05-20,Chipre,True,21,86364-7114,759,Premium,True,319f67bc96cc25b495d8a86e1bcd20fc79c0620d4470de66d376984802ab1584
37,gAAAAABqNH8li1poVaWCE0tisXQOsts0RapfBJuoj_NajtJ0OTRzRcANOozpNJiKHZdOSCo_kiTYtsScF5ThRTqagABZamKjrVLoEPj9HntbLvZlkFQQRHgvFrWbYXGzjoY0gJO8yCdb,gAAAAABqNH8lwDc6hO_Ea1FfmJr5RyGAKFN1aNTYco7MvONQna4scufOtT_otWbgKpA-zDMUXMwrnhlFrkrDKu6ZXBkpEtBvqeVW-VK_T3BSKSMe9LgJdPo=,gAAAAABqNH8l8rKUkSSMBzBl3R9Z1lgyq9r5IrfIXe3rtOa3YZfhxT9q-3voND99_BoSWM0b0V9NcwJ5XZEe7qWXOtPGdN1JWA==,gAAAAABqNH8lyjfKUFAAepkdcIw75t9ZsJeuMZWQhxF9ndbivVa3IGAtkNHNQxbLYAcHzxRaoljoQmfhQomjogAlK3Y5aGD3VT-n2NbyOEeGJbIIr1ktzBEGJYMgT4MGCu0-vkA-pm5rAhBGWEBPg49BafII90JD-WKd_fVk4EpSbIg68S_KGlA=,gAAAAABqNH8l2VONR-U73GaG054SHN3vbqvpHbeq-l_GcA7jh-WpgXcsp93Wz0K9RFsv5z_kkbGV0Q_wBoQlKq2GI68y-YwoHA==,gAAAAABqNH8l-4JdNDEzqrkH_eoP8yrwC-LQfvb_JSOQTnEaOUAXt-Arz2TvwUrwPYYQvPy--g0ce0EVmwGErdwSeeIw99-trQ==,2025-06-13,Zambia,True,40,84536-4872,370,VIP,True,4d47ad08bc1f36b070c611b145e22439cdb4afded6c00ae32c2a4b18b171e439
38,gAAAAABqNH8lLgpDjI-LQG-ETxGLPdE0wYoM0uDM0QvbL4fFyo0BjDBdek0MnMqZZuglxejnxyGjPpajsX1FOTK7B8qtXpB_GoM1RdNnF7DWgZJMcU08ILE=,gAAAAABqNH8lR5qVmrGEqUT6h90yKhQaOp_KoxFQtSrhlP0ZA5jH6A1MryZU5wriTfz3ycPKaWMuK8ltDA5toLfaO42DvisP4cJuGsegmAia_86Vcgcudfw=,gAAAAABqNH8lFsoaNdRdChsLDe7BdLKxBUMpuygRR_RPVu6b3dOnq7du9mKooo0crm1WHwlO-M88QNMQwfTSBSSt8-3t9OEgNw==,gAAAAABqNH8l7agB7KqvhtJ-iczMzxp5-MYIh28qbO4tJnD7_crDpOmVZIj0XNJAXfO3CRbR_-MCrK4UtvPNHnw6SP8JG9IAXRkyeEPBVV4ZUz5l6AOmcydt3nSHFdlv0XxmKWZuz9cfbr5qypktJtIqyXMFP-uRLp6lt4c6a_AKjSLiTzW3yTQ=,gAAAAABqNH8lDAK22sYkE533FgYNoZHiki9XLfkC0fbVW_pcWGLpgYxGQG-Cs07ETNDKQtsnO_DSqAAX8BURbsj3b3k-RxCYrg==,gAAAAABqNH8lnOkwpmmvC90zGdtaOAXaX_ElUf4_OpCEKNT-uL5QeTwjaIme4xXf9ujCsKvrxFJID_Wpzv17rpziDgxIUpKomg==,2023-03-25,Vietman,True,40,09185-2045,1181,Premium,True,0f46ac5bbf542ec0535d7eadd471deeef1cb04d8be5c70ba9771acdeb2a89162
39,gAAAAABqNH8lu2aBYARipt-aAf0MFTy221auyRE8kW8UkxsSpxwt1_zU3jf10hdZQz3Dk50uIPCxliqYf6JKH2DUuVLyFraDXp6HqzXBnn_ghIE9oJrKtxY=,gAAAAABqNH8l32lb1-kkk1ELuI30i3fyklCkrkktfuN_sFrxdZGfNyDCteq2iYCrtdfZJ8pwD8Y010WShaBj9AKNeBZEAd_s7_iSzfX-QBNO-hett68nbgU=,gAAAAABqNH8lduv8qO-VPf0EBb9ik0KAFVhf5k-QkfFjIhAWqC0PGGZQ26i2TPrNHsfF1H3aWA6a45juUNWnvwtHdEeCgjBkwQ==,gAAAAABqNH8lLC_acCMEeY-lRdmCk7C1KbZgS9dEBvkBBmT4YS7_tbbn-f0fc0cOgwDMrswHno6u-0q-kxh_hOAdf2eilGelUrFkJHSY4aiLE4jjmOZ1xKvaqhxVwjxXAHkEVS1euHPskXH-TcZHrFz3QBAyAsdN-uRvNBCEjlw2pLPJDpdGPdI=,gAAAAABqNH8l3UnSaB5fpbWn7vLQSZv5YUvW4S5R1zWntQA8K47Um8kbmwnJmnBDHreNHyo65JbT-WYyPcVWXF2JQeIV__J5kABfl4rPauQCd_pX480GCRk=,gAAAAABqNH8lQO2djQf2vhqEtSUtee9eJg7LMX96GHG2dIpAkHbxzZwOb6j5nGpciPrZlT5zM4g0dmlQFDqzsclB0AV3SMznVA==,2023-12-25,Burundi,False,74,75531,906,Básico,True,6804239bbc426f4e9bd885ca280cd04b8a174c9eb101b38321b6f4fc65258d4d
40,gAAAAABqNH8ldkClaKRsdajS5uYZNPH375EWycbqBhImow97oycP6qSv_yi3S6u1izHGOeCKhc4QnI-fnML2Ozds0ygFaKwU3PTmVDcMaczGoaOtySOoKSQ=,gAAAAABqNH8l08sdlNfrrcyroB6iLnJQdIStXJMM9vsHK-HHgKn2CY307fcSXQaCCnt0YWHtUMHkR2hkxfBD2v2CXLHZwAEk0QixSVN0onXkiNA0Cf94OZY=,gAAAAABqNH8lkzrjyiluts3TW1V3ETnapqVu7SWZQl3BuixfUKJHC1D-ebXyKjP_ealsLkJgfSIfNkji2GmjCwtm33ijsQth5A==,gAAAAABqNH8lYlQhSFhjWJHaxifL5z2LwoSKAo-uFfK1w0UCz2YQB3O4GdII0gyzIfbmijY8cFHKqtcatPab_Suh9-SwTbzQRUkwG-BUVtEPtybtSUQCmG1cjiernTY-2AwLIEdjYck_93mZMxA-eLaX__tMMflBI8GtSrzy5iP9get1Qn3Gzam0kUPY-DTC9O_bUIHjeod9,gAAAAABqNH8lWetA-Vawwonl961GsacA9nHi9EmsofffnB2EaTC-oYpHvwVYujhupmG2wjkFtUXwHKZ1RMGNz9grXzQAf3JTNa5OsYs50Q7Sy4-oRLe2oQM=,gAAAAABqNH8lSlWDhl22g3kmFP70EDdTVzUkpSEbz-a37DbdInjeKAp6hqcfBiuOjlWjfCBSP58bAHbil5x9Kairnvq71Dk0AQ==,2021-10-03,Grecia,True,20,76975,1719,VIP,True,f6b1a104b255054dc009ba9e28ec2904e279c869a7724ac5889ea5c4399c3523
41,gAAAAABqNH8lmqm3nC0QVf9ymeSQTOET-sVcnq8KfOdjynN9o8YjyveBJ5HkcrVCJ_-lBqJMhjBzLmCi4NnqQW8FUl-LlfwNBOLmUfXLStg-7AUdGXN698A=,gAAAAABqNH8lGj5J-5RKefUGLkNXQWXu1qRCuIfgj17ZqCtq3OakHBaHLpgp8PiedN0vtGBToBL5cYUsbHZTV3t3p7iiSOZQJdF76-2Xb4xbIy99Uu1zE1Q=,gAAAAABqNH8lfSmQtJHXzlhXXRmAz-DaUr3aJvQC1IxAeOAvAMQ7irAhWwoczhN1Qx6p4FXPPT33o83fiqOpg5lUfqVDwW6w-w==,gAAAAABqNH8lXgPEzZYHaEYD6IfthcYZVo02Wn66zUvFGzzkPfJ7WscxQiqCM-nyHWthG9bYEsXSJQi9ML0ocIhQMftKcVmRETVkPLWBkBVV3qnO7a-YcmBOyKbZZbEM6x4QrhiF3KN2UO4HD40MLihcOxQkyNxruGdH1GsVkVXL98Uzcx0nWgI=,gAAAAABqNH8lleuql1tt9chuIztCX7D6neSbxqRNZXfN5F5D5ADh-E3W4kNKLznzRStDFwXABOQ7g0YQ8rbJWd3G9jUHM_gP8w==,gAAAAABqNH8l6gQJkDaooWFF7akWpHl8OIWOkZuvqcw1qBphLTuAxhwxOdXH2VO6dI7NmoOnArlJn8pa_f4aIka-BuvUh1AkYQ==,2026-05-04,Micronesia,False,40,64201-9426,45,Premium,True,20c616498df48698e7eebe9674ab6434444dd73166bba4bc2a8e86b8aa84161d
42,gAAAAABqNH8loDnurqJnEhmcSDA8qWxB5fuOQNe016MQab48-hmS8GtbIhqCtMHHVFpjatdRDokV0uZ9luMKqj1aZHvvGAAZZi8fnbSfwUJwz43JSrnI-Iw=,gAAAAABqNH8llw4jIH3m99LptEd29Dhq4VL5YFXOZsPmXr1FN5TWMtJvd51VqNam56oPGG7jrIMnMTx4whg8m3kCK5eOjdkZTTlnAUuN_fpPw0RTXiu5UgU=,gAAAAABqNH8lK0_GOLVSTQjswJdogt42Qc1fF54TcGyIiWDJPbU1DT1q9IJM_aACfHe-2tdjjAxUqdrdsQqSPU9uPtQBdAJ7fg==,gAAAAABqNH8lTI3COJznhXmACkpgR6To0KTXiGggqcsEtW0Whmp5G6plgU1I8vtlyOMdleW5eWSbXEwQq-K4PEPfWHUJlDSE8TLOAs2lTFQrnCVZYnDTSWZLF-RgHvGbbYVvD9HqfQTeK1U4Pk6jl2yVBYG12oyQI-O-fKIz4EjRqIhP2d_nw2Dlz1JitfsPv8WG7VyjFgFb,gAAAAABqNH8lJbonU1RnU7IZBV0SfgJi8zmpz1nqVBLPhcQnqsu8Pt_cagG2hFgMfah63Yj_BWpOOt7fagAChsJTHsGjUEyZqA==,gAAAAABqNH8lBcNcCXyAcwTpPXIaOPlJ0drocBNI5A8IIQPBcig19N3PEsOGkz5bKip8aZgTq3gBqw-Aa3ZzQ4b0XugTKa-mAg==,2024-07-21,Mali,True,40,71447-4718,697,Estándar,True,6a96123ac83f01611c680f4b132af42c45e8de4d0f5541a0f23543caa2506bee
43,gAAAAABqNH8lNhuXYSzqSldPUJAqdoxvttif2FrMp_SiupruNIwGeqD-0YMGA4wE4kFG-dFMgY59pcV1McTwja-ggAWtSCa9-9P2MHx13WOTIDWC9A9egow=,gAAAAABqNH8lC_oVDzyKjyGdZXlaVm8ApMJ4PuATjxXyFgAgFYVB3FG6mRDg_-a0hdj2SY0RstMO8rRxgL3oTBoQ3elO3TuKarrWInbi7zmwhjRJVvQ95Pg=,gAAAAABqNH8l_7VTg9eDCaRIgcqS-yn3xMmc2BgWCHjBOLIpG6GUZGm2o7Je2UlcOih4UNucJlYvsE_-lEUdHEjQiMR_H8iXuw==,gAAAAABqNH8lZFnNmBr7B9zO_fsGxbAriUR-tWud3VrHtC6yNXRFRo-PyXywA1SSvV9rtbR_9pNBeVXeUoVIwntqiE4EnYIWntlHySixBg51q2bhV1HJ2L5IIagpH5LTGDVyZUGiAac_uWjdpaHCi6KIzfUbP7kaSaMo7JhNEcOLC_Zy5S5EpZ0=,gAAAAABqNH8lCIK8h8rMovezBEr04X3Kjnp1k3FotI0djC-3hbxYZd-y4AHf819iRYGfznQcX9FsKVlObonfTgvF7CvFM5V5462B7ZR7AGpmCX_RI7hbJWU=,gAAAAABqNH8l9cILSKOxKComW95XupzBbZf2gO4JdiOFGym40-8XJ1QtIgixgTJ5kSWNLLelkRdf_QX6Urm6ZJ0r2YyPhuH2FA==,2024-12-12,Lituania,True,18,93745,553,VIP,True,e619dc738a9b0b89b4fd5c5045bbd79de3631e6b16848cd03a2d11631e18c072
44,gAAAAABqNH8lI--4W84_hopmJ8J6TxJ-nh0p2bV12_H71RTLS8oyS7fO1-52de3xsbV_T5kF0u_RhA4WVc5KzQGViHVcw-CHKA==,gAAAAABqNH8lowg9pito3o0VirO1Lkq6ZLZNU9q99KpDCfVJ12bDr36opxTEUpEDo5rCGSmilyPOukga5_L1p21irb-hBzNn9cc8pkX5mycn4l3m6eF_ygs=,gAAAAABqNH8lrm0yWfkXrJaGfLjYutoPz9BJNrlvozEF9GYVH1590qS_0b-PPYhwe0zsBtzBhuD0rd9v0xpuhb_1DWwOT0z1Ow==,gAAAAABqNH8loiMCBzLEun62TPQstB1NozLhxDHJlBAxPRpkC_FmM0_KJdvwv7ihz6zuw9N_6gt5uWXP-82MQ4APLhyzAmgd6Qdmln0AoDyc9NSD7W35j4gaPBPpdEWN6VZq5rlVXfbu0MfjkHTSetj0sjw-TVAj5zWyc9Q55ieuHd1h197pbrw=,gAAAAABqNH8lS36lfbtEn7-k0nmU45PdRoDoWrFBt10YB2TVzGcNdbpt9hDukXrgbstlLndwKg8F5x5dorqaoe-qy9rj1t2AEg1-QcVvZ9uoxR18eiB-gH8=,gAAAAABqNH8lNHBJvJxuf-UVrawyX86jiuArSWfBzYfuEs42uhJa-6vbKNRy-GU5CqiAvmuk1M_qrCma7FVR5Y1vCT-W6y_gkA==,2023-01-03,Mali,True,26,08052-4445,1262,Premium,True,d8f6cfca8c85ec1b98e5fde997973d277b3d7c27bd09824eb3562737eef28bce
45,gAAAAABqNH8l-Hw7MGL5P5d9FqZFvswZIkhHQ1fxPd3VoOrzOh9o7qGFUD8pOab9M3eabpzaLK460c1ndhEZ4U9ZTkzU-XubGQMiohqcMzjvMU_VTmgxA14JJc6SF5R6Qzh7EhodmBaT,gAAAAABqNH8lQaN3-1z0tU1OMr09sBPWZnlRekRYJ9J8cLQkET2I1nJZIPpxRiyikHDA2LE6XNClp_GKTi-AccW5orEWBj-siABfL6lgHRkMaiESWN1BMEE=,gAAAAABqNH8lslCxexvyqRsIx0KNvRMteHe_ma-Coss27lFPuruLeuytdsIZRFs7QDOXGFsAxa-usu7pbmAYPJPS3wnUuJvNkA==,gAAAAABqNH8l8HvZOn_zF_K1zvpzp5kJ5s4MCBEFM8R4b_eyDoL6tmwou72vx0PV2GaK2cm-dkCIPJnA2ePh8n70qFo6nuMG2XRQ5z4G_obZ2G8wz-XAZIwcEumpeioUc7Twi6w_-HHxBq_ErLmMDHhScAt03Q7NNnDYAZOHVJ3jJyamXT1i6Fk=,gAAAAABqNH8lHLsIPsgrIqds-luaIEyhHXlIXyQ2lN_s_BxS2qYigbqaobFwzMJ9DAGYVYg4n2h_ORkTo9BguT3C8aPsQ8PvVImnIBCMsh3FmdR1FfLyylE=,gAAAAABqNH8lyo-XrB_bkS2TqSck5MLRy_1cVuFlyoi9XHUPzZe8mByRoHLFO7HFkNsBAdzBHcW2yWJ_ltYVoew9YAI9THcHCg==,2023-06-17,Lesotho,False,38,53336-2130,1097,Estándar,True,7c97ea27f3fbf228fca9d71b177ae344b82622e9bdc1dbcec243b4a8cdaf83d9
46,gAAAAABqNH8lW_2Ye0kwHmolcCyQMiRdA_FsRWzlASQhKxrKUKR4SafPZ6zizrrlbB4gM7W53lxrQrQYo8wlpOuFliUSiVxGKU8jOhBvbPeAnVheOOsl8lCpmKHXa9c0O9i05wDecYsu,gAAAAABqNH8lTl16Avgi5huwW9uzSNIA8WGS-n8080df6uWRaxHzAotwAWpAeuMmPTiijycNdXR07mb0L7iTK7UlobsFBWwUfCacgnznnELZtMQ6Ph0fpdw=,gAAAAABqNH8lgf6V1cx0oDhRCCdIRugzoI0mCWlwy9A6mDVrsQ7534w6sXmHKGTDXRhL-323pl-2k7WVnLdbd5-HF7c41NqGjw==,gAAAAABqNH8lDS3I7p-iUnblVe6kygyASiE-L50K2HTJ-tWFvbNBoTP_gCoSXefaH-yVaWPn-dSSMXzi3ZIKyUWbqdgPqQE3e6_aeZsLXtaSDIliZ3lC76nQ33fDj99NkM2c-dlnDakSP6TeEXGp23_XATRnxCFmsCrJtZL3aL6S96hca05twmF3WMFkXRbeuObKSMlH6Bzc,gAAAAABqNH8lqs1gKrmB6KfsN57mljSsV-QXyN0_fwJJgsdhL1sGYrWcST6PR2A72CEXNJnoHAcUJri1t-0s7Nqfy0dxGAmu3g==,gAAAAABqNH8lzNicWjwxZb_YmJrL95O8ji7JIkbmBmhbEgymTRj-PaoGA2mlOiQ1Yov_l5yoqmE6XqyJf6GYXrLthlXz-1HVmQ==,2023-05-04,República Centroafricana,True,40,51624,1141,Premium,True,0d53cacc2e6705d4da93c1ad6358ea6b79f8a00ea5f52ea9bef9421bd2d3a135
47,gAAAAABqNH8l6zNA3sQkpUTXmK7-UdN3GkbaP3HHE_4QICCCnZNgDy-qHCoxLsiaCgdnWUEPhWJEdp55ORMUPKNA9b_wR73ipw==,gAAAAABqNH8l3vcAxi-9nq6o3DOa0HtPCdvxSJQG5ZbyHjMTYfTwdNFLsZY6kFLzGO4jhvAOB6cxTQ2ut_sQot25ZylWAT1t5MXWAQcqzQOAP9rC9zsBxZQ=,gAAAAABqNH8lZhcwHZ2xKr9rbm-HYckUsA9tSkwPWfA74Ya88NBVYCquYxgFTSQYG-eylfCfwwkavcUOoMlP64MB9fYnmUnbqQ==,gAAAAABqNH8lkXH0flPLaGWlUwVChFE4VK1QD2B2nR9PMhBLcbdGgqWnVr4fDKWH3wo8XS3TaMu1zoJ4sZ1QpUV__gS7XLnEvZ79Plx8yBkB8QyDuUsS8aBy0nt9NkDCiCOwyHuAEFbRi6LzAIum10O1-FR0EcOUDw==,gAAAAABqNH8lNbJKMkNNFTvTJdnXgGJSvIIJodsEhaQfXBZuUHu6TPhdUyLu0SPhUz9HtU1LcntpchHf-3o0fZxVfjXm6OEUEW470LyO3k3hgLRcYy97FTc=,gAAAAABqNH8lrzKwoJfoh9sJZlV6zSut44VsQaSuiv-d_X040eOzhCONqIN0bTY_9K0is59EcMZgmeb8SyKc6cDSheHoMBRXKQ==,2022-02-25,Burundi,True,40,05840-6304,1574,Estándar,True,7f0b14ff699a07ea3f7bea9fe603a2d4fca28fe15c2613953da4172bab2949d1
48,gAAAAABqNH8lniyWYeomx0y0HxAxBNNqwSp2_azBiJQ25y8kPWbSbFGAL4Fb5KOQB5epiI7kZNV9GERFZcCbVpfp7Y-zUBsS-mDlSYcFQOLwPJHFufkXneY=,gAAAAABqNH8lGND2vb-ixYTunPENH_yTHP7xdOWp7gwFxoNRUDMJUtoSx6GpIjotjHhyN06J64XCiQiFj-Rh0Bx74yJ2pTqhZI_IAqWQCmed325A7fAf_Bk=,gAAAAABqNH8lD8dreSshZ-t5IApn-ZtzLokvciuyMOH4uV4QF6xGDMOXput_iIh1dEzdj5jSeSVZlExl3sq0poNt-AdEqrJQeQ==,gAAAAABqNH8lu0yifKyUiZ6AHVWFnMaf7w37QBihxbR65g7v1KI3GZfNY0gx-zelG8WASG1hdvLxbgsgg-Zr99_V-ovUADFMJblWfmYZ46ks1FD-UQnUigUg-1PGenrmlbCxZUfvM6d5jsZ_IkQNJm90aaUYpCcg93lGrsTFEq3T2AbK9Oga2uQ=,gAAAAABqNH8ls9Rlnsu3VTAdlujo40SvY6T9Rv5aSjjK2srJ_TK3SL1DxTCERG_Lh5On6rRg6gigSdpqsH2byJx1xtC6ZFKF_g==,gAAAAABqNH8l26FV0u3s2TMnEJ4uDU1rXu4oB14qIQowHvZcVcjdiRTnHcT8RUSv19SCRUkVIPerlG2jSsGK4Haci0wo6Vq-Pg==,2022-06-22,Camerún,True,40,34437,1457,Premium,True,babf71ecded5eb933a1758624e9580bc7f218b17cafd397383f617c7388c7097
49,gAAAAABqNH8lku9xpuYd8Zeok50oYFrBNi30XIhgXb3YSPL5eb4ISeLo96g1I9Ys3hl0fJk-aiVS9jBf-Jr9mZp0qoJbno-SEnHJSyv74wmz_-xRgpqVv7g=,gAAAAABqNH8lSiFtAi_F9HWkcAVjzejwxSk-3d4uQB_52vfBG3osbul0QKjyE3ITFX3tU2mrwjsl2qtG8pb_9dPzJIqEKCxtHgC6XfjNgI4M_9ERPUu0Xo0=,gAAAAABqNH8lCflTNqBKI4oXYmNWJ7GzTnXKbm9ZJ3KVDOf1FFwwdqWRFS3ldYieMDFa95A7n6aChO4nFgNbCPAZXyYzvUi45w==,gAAAAABqNH8lxQHLifyzo3lU-l5CPUz-dc6a3p8u9LwvlZzfIYmv06jQdFKhsBe4OxAxdJHAPwllXn2aPQ-Cw75wIvB9D7f1-vmUyK7wEO-XokTAzQZRBosA_4tYdwpky85NqIZ_-LmxpJOjsh6iVyhkhPXBYxKYVXV69nhPheWpMNIIIRXor70=,gAAAAABqNH8lhZlv6Jl-gmdyHvSYcXKH5JOICecXgcMdPG96i6WMd7OWMso2Z7263eNGQTNsEuXQOlKt0L31h3oFUntIl7HIOg==,gAAAAABqNH8l2H1gYZNzTWSjT67W3WBJLYzrC0_XsEux8PDKPF04X6qy2wRAMwSKhhNxkgNeWkqKHHNdh7QS7uqbW5xRvuTUmw==,2023-12-03,Fiji,True,40,01999-9081,928,Premium,True,1e21992a19be5b629436d3ad1c9f81407f7dd7ed6a0397f0d33fab7b6ff0a6e1
50,gAAAAABqNH8lSGxo2SJ-KqRY2tV0m694V5aRl-J_nDbAOsQHkhrwmbvxlmtxd4UFNXpVehuJdQaizbb9VkL8Cw6O086BAKnDzP8Jv2H-7reZzWFtbqBZCNo=,gAAAAABqNH8lQj3gKeIg7QfVbKZdYVZk2TdIPJwkjrcz6_wqX0VSZ_qb8btAoO__zgk_HZ2JSHK9Ry8hYm-4-tMfzZulsE3aJbUJ8JClfinsLWgacTndk7E=,gAAAAABqNH8lZ6JlBssB2pRrMsAUR1nguk8-IPil94ziLYc2g2EX0j6YAoY6xkBpxI9CwgXp-whwt_wsyAdkHERF-5XWCRynONFCCn3hRH0rGLeCkmvJFW0=,gAAAAABqNH8l7tVUQwKsdRnlQxqpMhsUd5SpxCzBfYbRARn6jbwUoWVVzyC1-vHX9RXavubBLrgDJXyvfTFYlcUgS_NUixfV7-vHd_W3guBJWVrbqQH1Sl3k2SqNOPYyoizTNkDrT5iz3_ei6DLjCpwlvFgg0HWqrMpgit-lh8w4PdPn3vHZYR8=,gAAAAABqNH8lrLABzkcP_QviVr6hIEstIUPlk0lZcXAz9XfZg0wH6iXClrSQ5gq_ZushUIfr-prOoPfi2-0yWyiKjm51x86szV_wobC0KCpBuomFdwsj3Fg=,gAAAAABqNH8lR0HdvbAdFjRbxE9J2T6iUuGdRBSQJa1Zc8iY7z4AaexrDIpp_kvx4v2W9bGXihALNKFw5-ZqGAWitb1uMlK1OQ==,2024-04-25,Perú,True,40,89388,784,Estándar,True,08579f76c9277a78e744d0ba3cac09cacff7b0a87a47423717c075c3bf4f4314
